ID,Name,PhotoUrl
639049426,Steven Berry,https://randomuser.me/api/portraits/men/5.jpg
562712679,Brandon Chambers,https://randomuser.me/api/portraits/men/28.jpg
426799070,Monica Lewis,https://randomuser.me/api/portraits/women/15.jpg
464741103,Neil Matthews,https://randomuser.me/api/portraits/men/39.jpg
369091675,Brooklyn Jimenez,https://randomuser.me/api/portraits/women/91.jpg
884217759,Gabe Carroll,https://randomuser.me/api/portraits/men/33.jpg
611738932,Roberta Rodriguez,https://randomuser.me/api/portraits/women/59.jpg
377523501,Amber Morales,https://randomuser.me/api/portraits/women/90.jpg
297506852,Ronnie Cox,https://randomuser.me/api/portraits/men/62.jpg
278311207,Caleb Wright,https://randomuser.me/api/portraits/men/29.jpg
